"gameId","playId","play_type"
"2020_03_KC_BAL",1,NA
"2020_03_KC_BAL",41,"kickoff"
"2020_03_KC_BAL",56,"run"
"2020_03_KC_BAL",77,"run"
"2020_03_KC_BAL",98,"run"
"2020_03_KC_BAL",124,"pass"
"2020_03_KC_BAL",146,"run"
"2020_03_KC_BAL",167,"run"
"2020_03_KC_BAL",205,"run"
"2020_03_KC_BAL",226,"pass"
"2020_03_KC_BAL",254,"pass"
"2020_03_KC_BAL",280,"pass"
"2020_03_KC_BAL",304,"field_goal"
"2020_03_KC_BAL",329,"kickoff"
"2020_03_KC_BAL",350,"run"
"2020_03_KC_BAL",380,"no_play"
"2020_03_KC_BAL",414,"run"
"2020_03_KC_BAL",435,"pass"
"2020_03_KC_BAL",464,"pass"
"2020_03_KC_BAL",488,"pass"
"2020_03_KC_BAL",516,"run"
"2020_03_KC_BAL",538,"extra_point"
"2020_03_KC_BAL",554,"kickoff"
"2020_03_KC_BAL",593,"no_play"
"2020_03_KC_BAL",626,"pass"
"2020_03_KC_BAL",650,"pass"
"2020_03_KC_BAL",674,"pass"
"2020_03_KC_BAL",710,"punt"
"2020_03_KC_BAL",742,"run"
"2020_03_KC_BAL",763,"run"
"2020_03_KC_BAL",784,"no_play"
"2020_03_KC_BAL",807,"pass"
"2020_03_KC_BAL",831,"pass"
"2020_03_KC_BAL",862,"pass"
"2020_03_KC_BAL",886,"pass"
"2020_03_KC_BAL",908,"pass"
"2020_03_KC_BAL",943,"pass"
"2020_03_KC_BAL",974,"run"
"2020_03_KC_BAL",995,NA
"2020_03_KC_BAL",1014,"pass"
"2020_03_KC_BAL",1038,"pass"
"2020_03_KC_BAL",1066,"run"
"2020_03_KC_BAL",1087,"pass"
"2020_03_KC_BAL",1116,"extra_point"
"2020_03_KC_BAL",1132,"kickoff"
"2020_03_KC_BAL",1155,"extra_point"
"2020_03_KC_BAL",1171,"kickoff"
"2020_03_KC_BAL",1186,"run"
"2020_03_KC_BAL",1207,"pass"
"2020_03_KC_BAL",1231,"pass"
"2020_03_KC_BAL",1253,"punt"
"2020_03_KC_BAL",1278,"pass"
"2020_03_KC_BAL",1307,"pass"
"2020_03_KC_BAL",1329,"pass"
"2020_03_KC_BAL",1351,"punt"
"2020_03_KC_BAL",1381,"pass"
"2020_03_KC_BAL",1405,"pass"
"2020_03_KC_BAL",1429,"pass"
"2020_03_KC_BAL",1455,"pass"
"2020_03_KC_BAL",1479,"pass"
"2020_03_KC_BAL",1503,"no_play"
"2020_03_KC_BAL",1543,"pass"
"2020_03_KC_BAL",1572,"extra_point"
"2020_03_KC_BAL",1588,"kickoff"
"2020_03_KC_BAL",1603,"run"
"2020_03_KC_BAL",1624,"no_play"
"2020_03_KC_BAL",1659,"run"
"2020_03_KC_BAL",1680,"pass"
"2020_03_KC_BAL",1702,"pass"
"2020_03_KC_BAL",1724,"punt"
"2020_03_KC_BAL",1742,"run"
"2020_03_KC_BAL",1763,"pass"
"2020_03_KC_BAL",1787,"run"
"2020_03_KC_BAL",1813,"run"
"2020_03_KC_BAL",1839,"run"
"2020_03_KC_BAL",1861,NA
"2020_03_KC_BAL",1878,"no_play"
"2020_03_KC_BAL",1901,"pass"
"2020_03_KC_BAL",1923,"pass"
"2020_03_KC_BAL",1948,"extra_point"
"2020_03_KC_BAL",1964,"kickoff"
"2020_03_KC_BAL",1979,"pass"
"2020_03_KC_BAL",2003,"pass"
"2020_03_KC_BAL",2027,"run"
"2020_03_KC_BAL",2048,"pass"
"2020_03_KC_BAL",2084,"run"
"2020_03_KC_BAL",2112,"pass"
"2020_03_KC_BAL",2137,"no_play"
"2020_03_KC_BAL",2154,"pass"
"2020_03_KC_BAL",2178,"no_play"
"2020_03_KC_BAL",2195,"pass"
"2020_03_KC_BAL",2217,"pass"
"2020_03_KC_BAL",2241,"no_play"
"2020_03_KC_BAL",2258,"field_goal"
"2020_03_KC_BAL",2278,"no_play"
"2020_03_KC_BAL",2295,"pass"
"2020_03_KC_BAL",2317,"pass"
"2020_03_KC_BAL",2339,NA
"2020_03_KC_BAL",2358,"kickoff"
"2020_03_KC_BAL",2380,"pass"
"2020_03_KC_BAL",2404,"run"
"2020_03_KC_BAL",2442,"pass"
"2020_03_KC_BAL",2478,"run"
"2020_03_KC_BAL",2521,"pass"
"2020_03_KC_BAL",2552,"run"
"2020_03_KC_BAL",2573,"no_play"
"2020_03_KC_BAL",2602,"no_play"
"2020_03_KC_BAL",2625,"pass"
"2020_03_KC_BAL",2649,"pass"
"2020_03_KC_BAL",2671,"run"
"2020_03_KC_BAL",2697,"run"
"2020_03_KC_BAL",2718,"run"
"2020_03_KC_BAL",2745,"run"
"2020_03_KC_BAL",2766,"run"
"2020_03_KC_BAL",2799,"pass"
"2020_03_KC_BAL",2821,"pass"
"2020_03_KC_BAL",2845,"no_play"
"2020_03_KC_BAL",2868,"field_goal"
"2020_03_KC_BAL",2887,"kickoff"
"2020_03_KC_BAL",2902,"pass"
"2020_03_KC_BAL",2926,"pass"
"2020_03_KC_BAL",2950,"run"
"2020_03_KC_BAL",2971,"pass"
"2020_03_KC_BAL",3000,"run"
"2020_03_KC_BAL",3021,"run"
"2020_03_KC_BAL",3042,"pass"
"2020_03_KC_BAL",3066,"run"
"2020_03_KC_BAL",3093,"run"
"2020_03_KC_BAL",3114,"run"
"2020_03_KC_BAL",3135,"run"
"2020_03_KC_BAL",3156,NA
"2020_03_KC_BAL",3181,"pass"
"2020_03_KC_BAL",3206,"extra_point"
"2020_03_KC_BAL",3222,"kickoff"
"2020_03_KC_BAL",3237,"pass"
"2020_03_KC_BAL",3261,"run"
"2020_03_KC_BAL",3282,"pass"
"2020_03_KC_BAL",3306,"run"
"2020_03_KC_BAL",3327,"pass"
"2020_03_KC_BAL",3357,"pass"
"2020_03_KC_BAL",3379,"pass"
"2020_03_KC_BAL",3401,"run"
"2020_03_KC_BAL",3427,"run"
"2020_03_KC_BAL",3454,"run"
"2020_03_KC_BAL",3475,"run"
"2020_03_KC_BAL",3496,"no_play"
"2020_03_KC_BAL",3513,"pass"
"2020_03_KC_BAL",3537,"pass"
"2020_03_KC_BAL",3564,"extra_point"
"2020_03_KC_BAL",3580,"kickoff"
"2020_03_KC_BAL",3595,"no_play"
"2020_03_KC_BAL",3628,"pass"
"2020_03_KC_BAL",3652,"pass"
"2020_03_KC_BAL",3674,"run"
"2020_03_KC_BAL",3712,"pass"
"2020_03_KC_BAL",3736,"pass"
"2020_03_KC_BAL",3760,"pass"
"2020_03_KC_BAL",3784,"pass"
"2020_03_KC_BAL",3812,"pass"
"2020_03_KC_BAL",3831,"pass"
"2020_03_KC_BAL",3853,"run"
"2020_03_KC_BAL",3874,"no_play"
"2020_03_KC_BAL",3891,"run"
"2020_03_KC_BAL",3912,"no_play"
"2020_03_KC_BAL",3929,"pass"
"2020_03_KC_BAL",3953,"run"
"2020_03_KC_BAL",3974,"run"
"2020_03_KC_BAL",3995,"no_play"
"2020_03_KC_BAL",4012,"pass"
"2020_03_KC_BAL",4036,"run"
"2020_03_KC_BAL",4057,NA
"2020_03_KC_BAL",4074,"run"
"2020_03_KC_BAL",4095,"run"
"2020_03_KC_BAL",4116,"no_play"
"2020_03_KC_BAL",4133,"pass"
"2020_03_KC_BAL",4155,"qb_kneel"
"2020_03_KC_BAL",4176,NA
"2020_04_ATL_GB",1,NA
"2020_04_ATL_GB",40,"kickoff"
"2020_04_ATL_GB",55,"run"
"2020_04_ATL_GB",76,"run"
"2020_04_ATL_GB",97,"pass"
"2020_04_ATL_GB",119,"punt"
"2020_04_ATL_GB",138,"pass"
"2020_04_ATL_GB",171,"pass"
"2020_04_ATL_GB",195,"pass"
"2020_04_ATL_GB",219,"run"
"2020_04_ATL_GB",240,"run"
"2020_04_ATL_GB",261,"run"
"2020_04_ATL_GB",282,"pass"
"2020_04_ATL_GB",307,"extra_point"
"2020_04_ATL_GB",323,"kickoff"
"2020_04_ATL_GB",338,"pass"
"2020_04_ATL_GB",360,"run"
"2020_04_ATL_GB",381,"pass"
"2020_04_ATL_GB",403,"punt"
"2020_04_ATL_GB",421,"pass"
"2020_04_ATL_GB",445,"pass"
"2020_04_ATL_GB",469,"run"
"2020_04_ATL_GB",490,"run"
"2020_04_ATL_GB",511,"pass"
"2020_04_ATL_GB",546,"run"
"2020_04_ATL_GB",569,"run"
"2020_04_ATL_GB",590,"pass"
"2020_04_ATL_GB",614,"run"
"2020_04_ATL_GB",635,"pass"
"2020_04_ATL_GB",659,"run"
"2020_04_ATL_GB",682,"run"
"2020_04_ATL_GB",708,"run"
"2020_04_ATL_GB",729,"run"
"2020_04_ATL_GB",754,"pass"
"2020_04_ATL_GB",778,NA
"2020_04_ATL_GB",797,"pass"
"2020_04_ATL_GB",821,"pass"
"2020_04_ATL_GB",850,"pass"
"2020_04_ATL_GB",872,"pass"
"2020_04_ATL_GB",896,"run"
"2020_04_ATL_GB",917,"pass"
"2020_04_ATL_GB",941,"run"
"2020_04_ATL_GB",962,"pass"
"2020_04_ATL_GB",986,"pass"
"2020_04_ATL_GB",1010,"no_play"
"2020_04_ATL_GB",1027,"run"
"2020_04_ATL_GB",1048,"run"
"2020_04_ATL_GB",1069,"run"
"2020_04_ATL_GB",1090,"pass"
"2020_04_ATL_GB",1112,"field_goal"
"2020_04_ATL_GB",1131,"kickoff"
"2020_04_ATL_GB",1146,"pass"
"2020_04_ATL_GB",1170,"run"
"2020_04_ATL_GB",1191,"pass"
"2020_04_ATL_GB",1215,"pass"
"2020_04_ATL_GB",1237,"pass"
"2020_04_ATL_GB",1259,"no_play"
"2020_04_ATL_GB",1306,"pass"
"2020_04_ATL_GB",1330,"run"
"2020_04_ATL_GB",1351,"pass"
"2020_04_ATL_GB",1375,"run"
"2020_04_ATL_GB",1396,"pass"
"2020_04_ATL_GB",1418,"pass"
"2020_04_ATL_GB",1449,"extra_point"
"2020_04_ATL_GB",1465,"kickoff"
"2020_04_ATL_GB",1480,"run"
"2020_04_ATL_GB",1501,NA
"2020_04_ATL_GB",1518,"pass"
"2020_04_ATL_GB",1547,"pass"
"2020_04_ATL_GB",1566,"no_play"
"2020_04_ATL_GB",1587,"punt"
"2020_04_ATL_GB",1612,"run"
"2020_04_ATL_GB",1633,"no_play"
"2020_04_ATL_GB",1650,"pass"
"2020_04_ATL_GB",1679,"pass"
"2020_04_ATL_GB",1703,"no_play"
"2020_04_ATL_GB",1741,"pass"
"2020_04_ATL_GB",1765,"pass"
"2020_04_ATL_GB",1795,"no_play"
"2020_04_ATL_GB",1812,"pass"
"2020_04_ATL_GB",1841,"pass"
"2020_04_ATL_GB",1866,"extra_point"
"2020_04_ATL_GB",1882,"kickoff"
"2020_04_ATL_GB",1904,"pass"
"2020_04_ATL_GB",1928,"pass"
"2020_04_ATL_GB",1973,"no_play"
"2020_04_ATL_GB",1952,"pass"
"2020_04_ATL_GB",1980,NA
"2020_04_ATL_GB",2000,"kickoff"
"2020_04_ATL_GB",2022,"run"
"2020_04_ATL_GB",2043,"run"
"2020_04_ATL_GB",2066,"pass"
"2020_04_ATL_GB",2090,"run"
"2020_04_ATL_GB",2111,"run"
"2020_04_ATL_GB",2138,"pass"
"2020_04_ATL_GB",2160,"punt"
"2020_04_ATL_GB",2178,"pass"
"2020_04_ATL_GB",2202,"pass"
"2020_04_ATL_GB",2226,"run"
"2020_04_ATL_GB",2247,"run"
"2020_04_ATL_GB",2268,"run"
"2020_04_ATL_GB",2289,"no_play"
"2020_04_ATL_GB",2321,"pass"
"2020_04_ATL_GB",2343,"run"
"2020_04_ATL_GB",2369,"run"
"2020_04_ATL_GB",2391,"extra_point"
"2020_04_ATL_GB",2407,"kickoff"
"2020_04_ATL_GB",2440,"pass"
"2020_04_ATL_GB",2469,"run"
"2020_04_ATL_GB",2490,"run"
"2020_04_ATL_GB",2511,"pass"
"2020_04_ATL_GB",2547,"extra_point"
"2020_04_ATL_GB",2563,"kickoff"
"2020_04_ATL_GB",2578,"pass"
"2020_04_ATL_GB",2607,"run"
"2020_04_ATL_GB",2628,"no_play"
"2020_04_ATL_GB",2651,"pass"
"2020_04_ATL_GB",2675,"pass"
"2020_04_ATL_GB",2699,"pass"
"2020_04_ATL_GB",2721,"run"
"2020_04_ATL_GB",2742,"run"
"2020_04_ATL_GB",2763,"no_play"
"2020_04_ATL_GB",2780,"no_play"
"2020_04_ATL_GB",2825,"pass"
"2020_04_ATL_GB",2849,"pass"
"2020_04_ATL_GB",2878,NA
"2020_04_ATL_GB",2897,"pass"
"2020_04_ATL_GB",2921,"run"
"2020_04_ATL_GB",2942,"run"
"2020_04_ATL_GB",2963,"run"
"2020_04_ATL_GB",2985,"extra_point"
"2020_04_ATL_GB",3001,"kickoff"
"2020_04_ATL_GB",3016,"run"
"2020_04_ATL_GB",3039,"pass"
"2020_04_ATL_GB",3068,"pass"
"2020_04_ATL_GB",3094,"no_play"
"2020_04_ATL_GB",3121,"run"
"2020_04_ATL_GB",3142,"pass"
"2020_04_ATL_GB",3166,"no_play"
"2020_04_ATL_GB",3211,"run"
"2020_04_ATL_GB",3232,"pass"
"2020_04_ATL_GB",3256,"pass"
"2020_04_ATL_GB",3275,"pass"
"2020_04_ATL_GB",3299,"field_goal"
"2020_04_ATL_GB",3318,"kickoff"
"2020_04_ATL_GB",3340,"pass"
"2020_04_ATL_GB",3369,"pass"
"2020_04_ATL_GB",3393,"pass"
"2020_04_ATL_GB",3417,"pass"
"2020_04_ATL_GB",3446,"run"
"2020_04_ATL_GB",3475,"pass"
"2020_04_ATL_GB",3497,"pass"
"2020_04_ATL_GB",3516,"pass"
"2020_04_ATL_GB",3538,"run"
"2020_04_ATL_GB",3559,"no_play"
"2020_04_ATL_GB",3576,"run"
"2020_04_ATL_GB",3597,"no_play"
"2020_04_ATL_GB",3614,"pass"
"2020_04_ATL_GB",3638,"no_play"
"2020_04_ATL_GB",3655,"run"
"2020_04_ATL_GB",3678,"run"
"2020_04_ATL_GB",3699,NA
"2020_04_ATL_GB",3716,"pass"
"2020_04_ATL_GB",3749,"punt"
"2020_04_ATL_GB",3769,"pass"
"2020_04_ATL_GB",3793,"pass"
"2020_04_ATL_GB",3817,"pass"
"2020_04_ATL_GB",3841,"pass"
"2020_04_ATL_GB",3870,"pass"
"2020_04_ATL_GB",3889,"pass"
"2020_04_ATL_GB",3911,"pass"
"2020_04_ATL_GB",3940,"pass"
"2020_04_ATL_GB",3962,"qb_kneel"
"2020_04_ATL_GB",3983,NA
"2020_04_DEN_NYJ",1,NA
"2020_04_DEN_NYJ",40,"kickoff"
"2020_04_DEN_NYJ",55,"run"
"2020_04_DEN_NYJ",76,"pass"
"2020_04_DEN_NYJ",100,"run"
"2020_04_DEN_NYJ",121,"pass"
"2020_04_DEN_NYJ",143,"pass"
"2020_04_DEN_NYJ",171,"run"
"2020_04_DEN_NYJ",192,"pass"
"2020_04_DEN_NYJ",214,"run"
"2020_04_DEN_NYJ",235,"run"
"2020_04_DEN_NYJ",257,"extra_point"
"2020_04_DEN_NYJ",273,"kickoff"
"2020_04_DEN_NYJ",295,"run"
"2020_04_DEN_NYJ",328,"run"
"2020_04_DEN_NYJ",349,"run"
"2020_04_DEN_NYJ",370,"pass"
"2020_04_DEN_NYJ",394,"no_play"
"2020_04_DEN_NYJ",428,"no_play"
"2020_04_DEN_NYJ",461,"run"
"2020_04_DEN_NYJ",482,"pass"
"2020_04_DEN_NYJ",506,"run"
"2020_04_DEN_NYJ",527,"pass"
"2020_04_DEN_NYJ",551,"no_play"
"2020_04_DEN_NYJ",574,"pass"
"2020_04_DEN_NYJ",598,"field_goal"
"2020_04_DEN_NYJ",621,"kickoff"
"2020_04_DEN_NYJ",636,"run"
"2020_04_DEN_NYJ",657,"pass"
"2020_04_DEN_NYJ",686,"pass"
"2020_04_DEN_NYJ",716,"pass"
"2020_04_DEN_NYJ",745,"pass"
"2020_04_DEN_NYJ",774,"pass"
"2020_04_DEN_NYJ",793,"no_play"
"2020_04_DEN_NYJ",825,"run"
"2020_04_DEN_NYJ",850,"no_play"
"2020_04_DEN_NYJ",873,"pass"
"2020_04_DEN_NYJ",897,NA
"2020_04_DEN_NYJ",916,"no_play"
"2020_04_DEN_NYJ",964,"run"
"2020_04_DEN_NYJ",996,"pass"
"2020_04_DEN_NYJ",1032,"no_play"
"2020_04_DEN_NYJ",1065,"pass"
"2020_04_DEN_NYJ",1090,"extra_point"
"2020_04_DEN_NYJ",1106,"kickoff"
"2020_04_DEN_NYJ",1121,"run"
"2020_04_DEN_NYJ",1142,"pass"
"2020_04_DEN_NYJ",1166,"pass"
"2020_04_DEN_NYJ",1203,"punt"
"2020_04_DEN_NYJ",1228,"run"
"2020_04_DEN_NYJ",1261,"pass"
"2020_04_DEN_NYJ",1283,"pass"
"2020_04_DEN_NYJ",1348,"run"
"2020_04_DEN_NYJ",1375,"run"
"2020_04_DEN_NYJ",1396,"pass"
"2020_04_DEN_NYJ",1425,"pass"
"2020_04_DEN_NYJ",1447,"run"
"2020_04_DEN_NYJ",1468,"pass"
"2020_04_DEN_NYJ",1490,"no_play"
"2020_04_DEN_NYJ",1531,"run"
"2020_04_DEN_NYJ",1552,"no_play"
"2020_04_DEN_NYJ",1580,"run"
"2020_04_DEN_NYJ",1601,"pass"
"2020_04_DEN_NYJ",1635,"field_goal"
"2020_04_DEN_NYJ",1655,"kickoff"
"2020_04_DEN_NYJ",1670,"pass"
"2020_04_DEN_NYJ",1692,"run"
"2020_04_DEN_NYJ",1713,"pass"
"2020_04_DEN_NYJ",1737,"run"
"2020_04_DEN_NYJ",1758,"no_play"
"2020_04_DEN_NYJ",1790,"pass"
"2020_04_DEN_NYJ",1814,"pass"
"2020_04_DEN_NYJ",1838,"run"
"2020_04_DEN_NYJ",1874,NA
"2020_04_DEN_NYJ",1891,"run"
"2020_04_DEN_NYJ",1922,"no_play"
"2020_04_DEN_NYJ",1939,"run"
"2020_04_DEN_NYJ",1960,"extra_point"
"2020_04_DEN_NYJ",1977,"kickoff"
"2020_04_DEN_NYJ",2044,"pass"
"2020_04_DEN_NYJ",2066,"pass"
"2020_04_DEN_NYJ",2095,"pass"
"2020_04_DEN_NYJ",2117,"pass"
"2020_04_DEN_NYJ",2146,"pass"
"2020_04_DEN_NYJ",2170,"pass"
"2020_04_DEN_NYJ",2194,"pass"
"2020_04_DEN_NYJ",2339,"no_play"
"2020_04_DEN_NYJ",2225,"pass"
"2020_04_DEN_NYJ",2253,"pass"
"2020_04_DEN_NYJ",2278,"no_play"
"2020_04_DEN_NYJ",2295,"pass"
"2020_04_DEN_NYJ",2317,"field_goal"
"2020_04_DEN_NYJ",2349,"kickoff"
"2020_04_DEN_NYJ",2365,"qb_kneel"
"2020_04_DEN_NYJ",2386,NA
"2020_04_DEN_NYJ",2406,"kickoff"
"2020_04_DEN_NYJ",2421,"run"
"2020_04_DEN_NYJ",2442,"pass"
"2020_04_DEN_NYJ",2466,"pass"
"2020_04_DEN_NYJ",2494,"no_play"
"2020_04_DEN_NYJ",2517,"punt"
"2020_04_DEN_NYJ",2542,"run"
"2020_04_DEN_NYJ",2563,"no_play"
"2020_04_DEN_NYJ",2596,"run"
"2020_04_DEN_NYJ",2617,"run"
"2020_04_DEN_NYJ",2638,"pass"
"2020_04_DEN_NYJ",2660,"field_goal"
"2020_04_DEN_NYJ",2679,"kickoff"
"2020_04_DEN_NYJ",2694,"pass"
"2020_04_DEN_NYJ",2716,"run"
"2020_04_DEN_NYJ",2737,"no_play"
"2020_04_DEN_NYJ",2754,"pass"
"2020_04_DEN_NYJ",2778,"run"
"2020_04_DEN_NYJ",2799,"run"
"2020_04_DEN_NYJ",2820,"pass"
"2020_04_DEN_NYJ",2844,"pass"
"2020_04_DEN_NYJ",2868,"run"
"2020_04_DEN_NYJ",2889,"pass"
"2020_04_DEN_NYJ",2911,"pass"
"2020_04_DEN_NYJ",2935,"pass"
"2020_04_DEN_NYJ",2957,"run"
"2020_04_DEN_NYJ",2978,"pass"
"2020_04_DEN_NYJ",3003,"extra_point"
"2020_04_DEN_NYJ",3019,"kickoff"
"2020_04_DEN_NYJ",3038,"pass"
"2020_04_DEN_NYJ",3060,"run"
"2020_04_DEN_NYJ",3085,"pass"
"2020_04_DEN_NYJ",3109,"pass"
"2020_04_DEN_NYJ",3133,"run"
"2020_04_DEN_NYJ",3154,"run"
"2020_04_DEN_NYJ",3175,"pass"
"2020_04_DEN_NYJ",3197,"pass"
"2020_04_DEN_NYJ",3216,"punt"
"2020_04_DEN_NYJ",3241,"run"
"2020_04_DEN_NYJ",3262,"run"
"2020_04_DEN_NYJ",3283,NA
"2020_04_DEN_NYJ",3302,"pass"
"2020_04_DEN_NYJ",3326,"field_goal"
"2020_04_DEN_NYJ",3345,"kickoff"
"2020_04_DEN_NYJ",3360,"pass"
"2020_04_DEN_NYJ",3384,"run"
"2020_04_DEN_NYJ",3405,"pass"
"2020_04_DEN_NYJ",3435,"run"
"2020_04_DEN_NYJ",3456,"pass"
"2020_04_DEN_NYJ",3478,"pass"
"2020_04_DEN_NYJ",3497,"field_goal"
"2020_04_DEN_NYJ",3516,"kickoff"
"2020_04_DEN_NYJ",3531,"pass"
"2020_04_DEN_NYJ",3553,"run"
"2020_04_DEN_NYJ",3574,"pass"
"2020_04_DEN_NYJ",3601,"pass"
"2020_04_DEN_NYJ",3615,"kickoff"
"2020_04_DEN_NYJ",3630,"run"
"2020_04_DEN_NYJ",3651,"pass"
"2020_04_DEN_NYJ",3675,"run"
"2020_04_DEN_NYJ",3696,"pass"
"2020_04_DEN_NYJ",3722,"pass"
"2020_04_DEN_NYJ",3758,"pass"
"2020_04_DEN_NYJ",3782,"run"
"2020_04_DEN_NYJ",3803,"pass"
"2020_04_DEN_NYJ",3827,"pass"
"2020_04_DEN_NYJ",3851,"field_goal"
"2020_04_DEN_NYJ",3905,"kickoff"
"2020_04_DEN_NYJ",3920,"run"
"2020_04_DEN_NYJ",3941,"pass"
"2020_04_DEN_NYJ",3965,"no_play"
"2020_04_DEN_NYJ",3995,"run"
"2020_04_DEN_NYJ",4016,"pass"
"2020_04_DEN_NYJ",4038,"pass"
"2020_04_DEN_NYJ",4067,"run"
"2020_04_DEN_NYJ",4088,"pass"
"2020_04_DEN_NYJ",4110,"pass"
"2020_04_DEN_NYJ",4143,"field_goal"
"2020_04_DEN_NYJ",4162,"kickoff"
"2020_04_DEN_NYJ",4177,"run"
"2020_04_DEN_NYJ",4203,"pass"
"2020_04_DEN_NYJ",4225,"pass"
"2020_04_DEN_NYJ",4249,"pass"
"2020_04_DEN_NYJ",4271,"pass"
"2020_04_DEN_NYJ",4300,"pass"
"2020_04_DEN_NYJ",4322,"pass"
"2020_04_DEN_NYJ",4341,NA
"2020_04_DEN_NYJ",4358,"run"
"2020_04_DEN_NYJ",4380,"extra_point"
"2020_04_DEN_NYJ",4396,"kickoff"
"2020_04_DEN_NYJ",4411,"pass"
"2020_04_DEN_NYJ",4430,"run"
"2020_04_DEN_NYJ",4451,"no_play"
"2020_04_DEN_NYJ",4468,"pass"
"2020_04_DEN_NYJ",4490,"pass"
"2020_04_DEN_NYJ",4512,"qb_kneel"
"2020_04_DEN_NYJ",4533,"no_play"
"2020_04_DEN_NYJ",4550,"qb_kneel"
"2020_04_DEN_NYJ",4571,"no_play"
"2020_04_DEN_NYJ",4588,"qb_kneel"
"2020_04_DEN_NYJ",4609,"no_play"
"2020_04_DEN_NYJ",4632,"no_play"
"2020_04_DEN_NYJ",4649,"no_play"
"2020_04_DEN_NYJ",4682,"no_play"
"2020_04_DEN_NYJ",4715,"qb_kneel"
"2020_04_DEN_NYJ",4736,NA
"2020_04_PHI_SF",1,NA
"2020_04_PHI_SF",40,"kickoff"
"2020_04_PHI_SF",55,"run"
"2020_04_PHI_SF",76,"run"
"2020_04_PHI_SF",97,"pass"
"2020_04_PHI_SF",119,"punt"
"2020_04_PHI_SF",144,"pass"
"2020_04_PHI_SF",166,"pass"
"2020_04_PHI_SF",188,"pass"
"2020_04_PHI_SF",212,"punt"
"2020_04_PHI_SF",235,"pass"
"2020_04_PHI_SF",259,"run"
"2020_04_PHI_SF",284,"no_play"
"2020_04_PHI_SF",307,"pass"
"2020_04_PHI_SF",331,"pass"
"2020_04_PHI_SF",359,"pass"
"2020_04_PHI_SF",389,"no_play"
"2020_04_PHI_SF",421,"run"
"2020_04_PHI_SF",442,"pass"
"2020_04_PHI_SF",461,"run"
"2020_04_PHI_SF",482,"punt"
"2020_04_PHI_SF",512,"run"
"2020_04_PHI_SF",533,"run"
"2020_04_PHI_SF",559,"no_play"
"2020_04_PHI_SF",592,"pass"
"2020_04_PHI_SF",614,"run"
"2020_04_PHI_SF",640,"run"
"2020_04_PHI_SF",672,"run"
"2020_04_PHI_SF",693,"pass"
"2020_04_PHI_SF",717,"run"
"2020_04_PHI_SF",739,"pass"
"2020_04_PHI_SF",753,"kickoff"
"2020_04_PHI_SF",768,"pass"
"2020_04_PHI_SF",792,"pass"
"2020_04_PHI_SF",820,"run"
"2020_04_PHI_SF",850,"run"
"2020_04_PHI_SF",871,"run"
"2020_04_PHI_SF",896,"run"
"2020_04_PHI_SF",928,"extra_point"
"2020_04_PHI_SF",944,"kickoff"
"2020_04_PHI_SF",959,"run"
"2020_04_PHI_SF",980,NA
"2020_04_PHI_SF",1003,"run"
"2020_04_PHI_SF",1028,"pass"
"2020_04_PHI_SF",1050,"punt"
"2020_04_PHI_SF",1077,"run"
"2020_04_PHI_SF",1098,"pass"
"2020_04_PHI_SF",1137,"pass"
"2020_04_PHI_SF",1159,"pass"
"2020_04_PHI_SF",1178,"pass"
"2020_04_PHI_SF",1206,"punt"
"2020_04_PHI_SF",1225,"pass"
"2020_04_PHI_SF",1249,"run"
"2020_04_PHI_SF",1274,"pass"
"2020_04_PHI_SF",1298,"run"
"2020_04_PHI_SF",1327,"pass"
"2020_04_PHI_SF",1359,"pass"
"2020_04_PHI_SF",1383,"no_play"
"2020_04_PHI_SF",1410,"pass"
"2020_04_PHI_SF",1432,"punt"
"2020_04_PHI_SF",1449,"run"
"2020_04_PHI_SF",1470,"pass"
"2020_04_PHI_SF",1494,"run"
"2020_04_PHI_SF",1519,"run"
"2020_04_PHI_SF",1540,"pass"
"2020_04_PHI_SF",1564,"run"
"2020_04_PHI_SF",1589,"pass"
"2020_04_PHI_SF",1615,"pass"
"2020_04_PHI_SF",1644,"pass"
"2020_04_PHI_SF",1672,NA
"2020_04_PHI_SF",1693,"run"
"2020_04_PHI_SF",1719,"no_play"
"2020_04_PHI_SF",1736,"pass"
"2020_04_PHI_SF",1755,"no_play"
"2020_04_PHI_SF",1772,"run"
"2020_04_PHI_SF",1797,"no_play"
"2020_04_PHI_SF",1814,"punt"
"2020_04_PHI_SF",1833,"run"
"2020_04_PHI_SF",1854,"no_play"
"2020_04_PHI_SF",1871,"pass"
"2020_04_PHI_SF",1895,"pass"
"2020_04_PHI_SF",1930,"pass"
"2020_04_PHI_SF",1958,NA
"2020_04_PHI_SF",1981,"kickoff"
"2020_04_PHI_SF",1996,"run"
"2020_04_PHI_SF",2017,"pass"
"2020_04_PHI_SF",2039,"pass"
"2020_04_PHI_SF",2068,"run"
"2020_04_PHI_SF",2093,"pass"
"2020_04_PHI_SF",2122,"run"
"2020_04_PHI_SF",2147,"run"
"2020_04_PHI_SF",2168,"pass"
"2020_04_PHI_SF",2192,"pass"
"2020_04_PHI_SF",2220,"run"
"2020_04_PHI_SF",2245,"pass"
"2020_04_PHI_SF",2274,"pass"
"2020_04_PHI_SF",2303,"extra_point"
"2020_04_PHI_SF",2319,"kickoff"
"2020_04_PHI_SF",2341,"run"
"2020_04_PHI_SF",2362,"pass"
"2020_04_PHI_SF",2391,"pass"
"2020_04_PHI_SF",2417,"pass"
"2020_04_PHI_SF",2441,"pass"
"2020_04_PHI_SF",2469,"pass"
"2020_04_PHI_SF",2497,"pass"
"2020_04_PHI_SF",2523,"run"
"2020_04_PHI_SF",2579,"run"
"2020_04_PHI_SF",2600,"pass"
"2020_04_PHI_SF",2624,"run"
"2020_04_PHI_SF",2654,"run"
"2020_04_PHI_SF",2676,"run"
"2020_04_PHI_SF",2697,"pass"
"2020_04_PHI_SF",2719,"pass"
"2020_04_PHI_SF",2741,"field_goal"
"2020_04_PHI_SF",2760,"kickoff"
"2020_04_PHI_SF",2775,"run"
"2020_04_PHI_SF",2800,"pass"
"2020_04_PHI_SF",2824,NA
"2020_04_PHI_SF",2847,"pass"
"2020_04_PHI_SF",2866,"pass"
"2020_04_PHI_SF",2890,"pass"
"2020_04_PHI_SF",2922,"punt"
"2020_04_PHI_SF",2941,"run"
"2020_04_PHI_SF",2962,"run"
"2020_04_PHI_SF",2986,"pass"
"2020_04_PHI_SF",3005,"punt"
"2020_04_PHI_SF",3030,"run"
"2020_04_PHI_SF",3051,"pass"
"2020_04_PHI_SF",3073,"pass"
"2020_04_PHI_SF",3126,"run"
"2020_04_PHI_SF",3152,"pass"
"2020_04_PHI_SF",3174,"pass"
"2020_04_PHI_SF",3203,"pass"
"2020_04_PHI_SF",3231,"run"
"2020_04_PHI_SF",3256,"no_play"
"2020_04_PHI_SF",3302,"run"
"2020_04_PHI_SF",3328,"pass"
"2020_04_PHI_SF",3358,"extra_point"
"2020_04_PHI_SF",3380,"kickoff"
"2020_04_PHI_SF",3395,"pass"
"2020_04_PHI_SF",3422,"extra_point"
"2020_04_PHI_SF",3438,"kickoff"
"2020_04_PHI_SF",3453,"pass"
"2020_04_PHI_SF",3485,"pass"
"2020_04_PHI_SF",3509,"pass"
"2020_04_PHI_SF",3537,"pass"
"2020_04_PHI_SF",3561,"pass"
"2020_04_PHI_SF",3585,"pass"
"2020_04_PHI_SF",3617,"pass"
"2020_04_PHI_SF",3641,"pass"
"2020_04_PHI_SF",3664,"no_play"
"2020_04_PHI_SF",3681,"no_play"
"2020_04_PHI_SF",3714,"pass"
"2020_04_PHI_SF",3738,"pass"
"2020_04_PHI_SF",3764,"pass"
"2020_04_PHI_SF",3818,"run"
"2020_04_PHI_SF",3844,"pass"
"2020_04_PHI_SF",3858,"no_play"
"2020_04_PHI_SF",3873,"kickoff"
"2020_04_PHI_SF",3895,"run"
"2020_04_PHI_SF",3920,NA
"2020_04_PHI_SF",3937,"run"
"2020_04_PHI_SF",3960,"no_play"
"2020_04_PHI_SF",3977,"pass"
"2020_04_PHI_SF",3998,"no_play"
"2020_04_PHI_SF",4022,"punt"
"2020_04_PHI_SF",4051,"no_play"
"2020_04_PHI_SF",4074,"pass"
"2020_04_PHI_SF",4098,"pass"
"2020_04_PHI_SF",4122,"pass"
"2020_04_PHI_SF",4150,"pass"
"2020_04_PHI_SF",4182,"pass"
"2020_04_PHI_SF",4206,"qb_spike"
"2020_04_PHI_SF",4232,"pass"
"2020_04_PHI_SF",4254,"pass"
"2020_04_PHI_SF",4276,"no_play"
"2020_04_PHI_SF",4293,"pass"
"2020_04_PHI_SF",4315,NA
"2020_05_LAC_NO",1,NA
"2020_05_LAC_NO",43,"kickoff"
"2020_05_LAC_NO",65,"run"
"2020_05_LAC_NO",86,"pass"
"2020_05_LAC_NO",108,"run"
"2020_05_LAC_NO",129,"punt"
"2020_05_LAC_NO",154,"run"
"2020_05_LAC_NO",175,"run"
"2020_05_LAC_NO",196,"run"
"2020_05_LAC_NO",217,"pass"
"2020_05_LAC_NO",241,"pass"
"2020_05_LAC_NO",267,"punt"
"2020_05_LAC_NO",284,"run"
"2020_05_LAC_NO",305,"run"
"2020_05_LAC_NO",326,"run"
"2020_05_LAC_NO",347,"pass"
"2020_05_LAC_NO",371,"run"
"2020_05_LAC_NO",392,"run"
"2020_05_LAC_NO",413,"run"
"2020_05_LAC_NO",434,"pass"
"2020_05_LAC_NO",456,"no_play"
"2020_05_LAC_NO",473,"pass"
"2020_05_LAC_NO",498,"extra_point"
"2020_05_LAC_NO",518,"kickoff"
"2020_05_LAC_NO",540,"run"
"2020_05_LAC_NO",561,"run"
"2020_05_LAC_NO",582,"pass"
"2020_05_LAC_NO",606,"pass"
"2020_05_LAC_NO",632,"pass"
"2020_05_LAC_NO",654,"pass"
"2020_05_LAC_NO",676,"punt"
"2020_05_LAC_NO",695,"pass"
"2020_05_LAC_NO",721,"run"
"2020_05_LAC_NO",753,"pass"
"2020_05_LAC_NO",772,"punt"
"2020_05_LAC_NO",797,"pass"
"2020_05_LAC_NO",821,"run"
"2020_05_LAC_NO",846,"pass"
"2020_05_LAC_NO",870,"run"
"2020_05_LAC_NO",895,"field_goal"
"2020_05_LAC_NO",914,NA
"2020_05_LAC_NO",931,"kickoff"
"2020_05_LAC_NO",946,"run"
"2020_05_LAC_NO",971,"pass"
"2020_05_LAC_NO",995,"pass"
"2020_05_LAC_NO",1018,"no_play"
"2020_05_LAC_NO",1070,"run"
"2020_05_LAC_NO",1091,"pass"
"2020_05_LAC_NO",1115,"pass"
"2020_05_LAC_NO",1143,"pass"
"2020_05_LAC_NO",1172,"extra_point"
"2020_05_LAC_NO",1188,"kickoff"
"2020_05_LAC_NO",1213,"pass"
"2020_05_LAC_NO",1250,"pass"
"2020_05_LAC_NO",1274,"run"
"2020_05_LAC_NO",1301,"punt"
"2020_05_LAC_NO",1320,"pass"
"2020_05_LAC_NO",1344,"no_play"
"2020_05_LAC_NO",1383,"run"
"2020_05_LAC_NO",1404,"pass"
"2020_05_LAC_NO",1428,"punt"
"2020_05_LAC_NO",1473,"run"
"2020_05_LAC_NO",1494,"pass"
"2020_05_LAC_NO",1516,"pass"
"2020_05_LAC_NO",1542,"pass"
"2020_05_LAC_NO",1561,"run"
"2020_05_LAC_NO",1582,"pass"
"2020_05_LAC_NO",1611,"extra_point"
"2020_05_LAC_NO",1627,"kickoff"
"2020_05_LAC_NO",1642,"run"
"2020_05_LAC_NO",1667,"pass"
"2020_05_LAC_NO",1691,"pass"
"2020_05_LAC_NO",1717,"pass"
"2020_05_LAC_NO",1741,"pass"
"2020_05_LAC_NO",1767,"punt"
"2020_05_LAC_NO",1792,"run"
"2020_05_LAC_NO",1813,"no_play"
"2020_05_LAC_NO",1830,"run"
"2020_05_LAC_NO",1851,"no_play"
"2020_05_LAC_NO",1868,"pass"
"2020_05_LAC_NO",1890,"punt"
"2020_05_LAC_NO",1915,NA
"2020_05_LAC_NO",1932,"pass"
"2020_05_LAC_NO",1954,"pass"
"2020_05_LAC_NO",1978,"pass"
"2020_05_LAC_NO",2006,"pass"
"2020_05_LAC_NO",2034,"pass"
"2020_05_LAC_NO",2062,"pass"
"2020_05_LAC_NO",2095,"no_play"
"2020_05_LAC_NO",2143,"pass"
"2020_05_LAC_NO",2165,"run"
"2020_05_LAC_NO",2187,"extra_point"
"2020_05_LAC_NO",2203,"kickoff"
"2020_05_LAC_NO",2225,"qb_kneel"
"2020_05_LAC_NO",2246,NA
"2020_05_LAC_NO",2265,"kickoff"
"2020_05_LAC_NO",2280,"run"
"2020_05_LAC_NO",2301,"run"
"2020_05_LAC_NO",2322,"pass"
"2020_05_LAC_NO",2351,"run"
"2020_05_LAC_NO",2376,"pass"
"2020_05_LAC_NO",2401,"pass"
"2020_05_LAC_NO",2425,"punt"
"2020_05_LAC_NO",2448,"run"
"2020_05_LAC_NO",2469,"run"
"2020_05_LAC_NO",2490,"pass"
"2020_05_LAC_NO",2514,"run"
"2020_05_LAC_NO",2539,"pass"
"2020_05_LAC_NO",2561,"pass"
"2020_05_LAC_NO",2583,"punt"
"2020_05_LAC_NO",2619,"pass"
"2020_05_LAC_NO",2643,"run"
"2020_05_LAC_NO",2670,"pass"
"2020_05_LAC_NO",2694,"pass"
"2020_05_LAC_NO",2720,"run"
"2020_05_LAC_NO",2743,"pass"
"2020_05_LAC_NO",2772,"no_play"
"2020_05_LAC_NO",2793,"field_goal"
"2020_05_LAC_NO",2812,"kickoff"
"2020_05_LAC_NO",2833,"run"
"2020_05_LAC_NO",2854,"run"
"2020_05_LAC_NO",2875,"run"
"2020_05_LAC_NO",2896,"pass"
"2020_05_LAC_NO",2929,"run"
"2020_05_LAC_NO",2950,"run"
"2020_05_LAC_NO",2976,"pass"
"2020_05_LAC_NO",3008,"pass"
"2020_05_LAC_NO",3030,"punt"
"2020_05_LAC_NO",3053,"run"
"2020_05_LAC_NO",3076,"pass"
"2020_05_LAC_NO",3100,"pass"
"2020_05_LAC_NO",3124,NA
"2020_05_LAC_NO",3143,"pass"
"2020_05_LAC_NO",3175,"run"
"2020_05_LAC_NO",3200,"no_play"
"2020_05_LAC_NO",3233,"pass"
"2020_05_LAC_NO",3262,"run"
"2020_05_LAC_NO",3291,"pass"
"2020_05_LAC_NO",3310,"run"
"2020_05_LAC_NO",3331,"pass"
"2020_05_LAC_NO",3360,"extra_point"
"2020_05_LAC_NO",3376,"kickoff"
"2020_05_LAC_NO",3398,"pass"
"2020_05_LAC_NO",3429,"pass"
"2020_05_LAC_NO",3458,"pass"
"2020_05_LAC_NO",3491,"pass"
"2020_05_LAC_NO",3517,"run"
"2020_05_LAC_NO",3538,"run"
"2020_05_LAC_NO",3559,"run"
"2020_05_LAC_NO",3580,"run"
"2020_05_LAC_NO",3601,"pass"
"2020_05_LAC_NO",3623,"punt"
"2020_05_LAC_NO",3648,"run"
"2020_05_LAC_NO",3669,"pass"
"2020_05_LAC_NO",3691,"pass"
"2020_05_LAC_NO",3715,"punt"
"2020_05_LAC_NO",3738,"pass"
"2020_05_LAC_NO",3762,"run"
"2020_05_LAC_NO",3787,"run"
"2020_05_LAC_NO",3808,"pass"
"2020_05_LAC_NO",3837,"extra_point"
"2020_05_LAC_NO",3853,"kickoff"
"2020_05_LAC_NO",3875,"pass"
"2020_05_LAC_NO",3899,"pass"
"2020_05_LAC_NO",3927,"pass"
"2020_05_LAC_NO",3967,"run"
"2020_05_LAC_NO",3992,NA
"2020_05_LAC_NO",4009,"pass"
"2020_05_LAC_NO",4045,"pass"
"2020_05_LAC_NO",4078,"pass"
"2020_05_LAC_NO",4102,"run"
"2020_05_LAC_NO",4132,"extra_point"
"2020_05_LAC_NO",4148,"kickoff"
"2020_05_LAC_NO",4170,"run"
"2020_05_LAC_NO",4191,"no_play"
"2020_05_LAC_NO",4208,"pass"
"2020_05_LAC_NO",4232,"pass"
"2020_05_LAC_NO",4256,"no_play"
"2020_05_LAC_NO",4277,"pass"
"2020_05_LAC_NO",4310,"pass"
"2020_05_LAC_NO",4344,"no_play"
"2020_05_LAC_NO",4365,"pass"
"2020_05_LAC_NO",4387,"no_play"
"2020_05_LAC_NO",4410,"field_goal"
"2020_05_LAC_NO",4430,NA
"2020_05_LAC_NO",4450,"kickoff"
"2020_05_LAC_NO",4472,"pass"
"2020_05_LAC_NO",4501,"run"
"2020_05_LAC_NO",4526,"pass"
"2020_05_LAC_NO",4555,"pass"
"2020_05_LAC_NO",4583,"pass"
"2020_05_LAC_NO",4611,"pass"
"2020_05_LAC_NO",4644,"run"
"2020_05_LAC_NO",4679,"no_play"
"2020_05_LAC_NO",4696,"pass"
"2020_05_LAC_NO",4718,"field_goal"
"2020_05_LAC_NO",4737,"kickoff"
"2020_05_LAC_NO",4752,"no_play"
"2020_05_LAC_NO",4785,"run"
"2020_05_LAC_NO",4806,"pass"
"2020_05_LAC_NO",4828,"pass"
"2020_05_LAC_NO",4850,"pass"
"2020_05_LAC_NO",4878,NA
"2020_05_MIN_SEA",1,NA
"2020_05_MIN_SEA",41,"kickoff"
"2020_05_MIN_SEA",63,"pass"
"2020_05_MIN_SEA",85,"pass"
"2020_05_MIN_SEA",109,"run"
"2020_05_MIN_SEA",130,"run"
"2020_05_MIN_SEA",151,"pass"
"2020_05_MIN_SEA",180,"pass"
"2020_05_MIN_SEA",202,"run"
"2020_05_MIN_SEA",223,"pass"
"2020_05_MIN_SEA",247,"pass"
"2020_05_MIN_SEA",271,"pass"
"2020_05_MIN_SEA",295,"run"
"2020_05_MIN_SEA",320,"run"
"2020_05_MIN_SEA",342,"extra_point"
"2020_05_MIN_SEA",358,"kickoff"
"2020_05_MIN_SEA",373,"pass"
"2020_05_MIN_SEA",397,"run"
"2020_05_MIN_SEA",418,"pass"
"2020_05_MIN_SEA",442,"run"
"2020_05_MIN_SEA",463,"run"
"2020_05_MIN_SEA",489,"pass"
"2020_05_MIN_SEA",525,"no_play"
"2020_05_MIN_SEA",548,"pass"
"2020_05_MIN_SEA",567,"run"
"2020_05_MIN_SEA",588,"punt"
"2020_05_MIN_SEA",607,"run"
"2020_05_MIN_SEA",630,"run"
"2020_05_MIN_SEA",651,"pass"
"2020_05_MIN_SEA",675,"run"
"2020_05_MIN_SEA",707,"pass"
"2020_05_MIN_SEA",729,"run"
"2020_05_MIN_SEA",750,"pass"
"2020_05_MIN_SEA",774,NA
"2020_05_MIN_SEA",793,"pass"
"2020_05_MIN_SEA",817,"run"
"2020_05_MIN_SEA",838,"run"
"2020_05_MIN_SEA",859,"no_play"
"2020_05_MIN_SEA",876,"run"
"2020_05_MIN_SEA",899,"run"
"2020_05_MIN_SEA",920,"run"
"2020_05_MIN_SEA",941,"no_play"
"2020_05_MIN_SEA",971,"pass"
"2020_05_MIN_SEA",990,"run"
"2020_05_MIN_SEA",1011,"pass"
"2020_05_MIN_SEA",1035,"field_goal"
"2020_05_MIN_SEA",1054,"kickoff"
"2020_05_MIN_SEA",1069,"run"
"2020_05_MIN_SEA",1090,"run"
"2020_05_MIN_SEA",1111,"pass"
"2020_05_MIN_SEA",1130,"pass"
"2020_05_MIN_SEA",1154,"pass"
"2020_05_MIN_SEA",1183,"punt"
"2020_05_MIN_SEA",1208,"pass"
"2020_05_MIN_SEA",1232,"run"
"2020_05_MIN_SEA",1253,"run"
"2020_05_MIN_SEA",1274,"punt"
"2020_05_MIN_SEA",1293,"pass"
"2020_05_MIN_SEA",1317,"pass"
"2020_05_MIN_SEA",1336,NA
"2020_05_MIN_SEA",1353,"pass"
"2020_05_MIN_SEA",1372,"no_play"
"2020_05_MIN_SEA",1389,"punt"
"2020_05_MIN_SEA",1407,"pass"
"2020_05_MIN_SEA",1436,"run"
"2020_05_MIN_SEA",1457,"pass"
"2020_05_MIN_SEA",1479,"pass"
"2020_05_MIN_SEA",1508,"pass"
"2020_05_MIN_SEA",1544,"run"
"2020_05_MIN_SEA",1565,"pass"
"2020_05_MIN_SEA",1589,"pass"
"2020_05_MIN_SEA",1613,"no_play"
"2020_05_MIN_SEA",1630,"pass"
"2020_05_MIN_SEA",1652,"pass"
"2020_05_MIN_SEA",1674,"field_goal"
"2020_05_MIN_SEA",1693,"kickoff"
"2020_05_MIN_SEA",1708,"run"
"2020_05_MIN_SEA",1729,"no_play"
"2020_05_MIN_SEA",1746,"pass"
"2020_05_MIN_SEA",1770,NA
"2020_05_MIN_SEA",1798,"kickoff"
"2020_05_MIN_SEA",1813,"run"
"2020_05_MIN_SEA",1834,"run"
"2020_05_MIN_SEA",1855,"run"
"2020_05_MIN_SEA",1876,"punt"
"2020_05_MIN_SEA",1912,"pass"
"2020_05_MIN_SEA",1952,"pass"
"2020_05_MIN_SEA",1974,"run"
"2020_05_MIN_SEA",1995,"punt"
"2020_05_MIN_SEA",2020,"pass"
"2020_05_MIN_SEA",2044,"pass"
"2020_05_MIN_SEA",2073,"run"
"2020_05_MIN_SEA",2094,"pass"
"2020_05_MIN_SEA",2119,"extra_point"
"2020_05_MIN_SEA",2135,"kickoff"
"2020_05_MIN_SEA",2150,"run"
"2020_05_MIN_SEA",2171,"no_play"
"2020_05_MIN_SEA",2204,"pass"
"2020_05_MIN_SEA",2226,"pass"
"2020_05_MIN_SEA",2301,"pass"
"2020_05_MIN_SEA",2325,"pass"
"2020_05_MIN_SEA",2350,"extra_point"
"2020_05_MIN_SEA",2366,"kickoff"
"2020_05_MIN_SEA",2381,"pass"
"2020_05_MIN_SEA",2407,"run"
"2020_05_MIN_SEA",2429,"extra_point"
"2020_05_MIN_SEA",2445,"kickoff"
"2020_05_MIN_SEA",2469,"run"
"2020_05_MIN_SEA",2501,"pass"
"2020_05_MIN_SEA",2525,"pass"
"2020_05_MIN_SEA",2560,"pass"
"2020_05_MIN_SEA",2594,"run"
"2020_05_MIN_SEA",2615,"pass"
"2020_05_MIN_SEA",2637,"pass"
"2020_05_MIN_SEA",2661,"run"
"2020_05_MIN_SEA",2682,"pass"
"2020_05_MIN_SEA",2704,"pass"
"2020_05_MIN_SEA",2728,"pass"
"2020_05_MIN_SEA",2764,"run"
"2020_05_MIN_SEA",2782,"kickoff"
"2020_05_MIN_SEA",2797,"run"
"2020_05_MIN_SEA",2818,"pass"
"2020_05_MIN_SEA",2847,"pass"
"2020_05_MIN_SEA",2871,"pass"
"2020_05_MIN_SEA",2900,"run"
"2020_05_MIN_SEA",2921,"pass"
"2020_05_MIN_SEA",2943,"pass"
"2020_05_MIN_SEA",2965,"punt"
"2020_05_MIN_SEA",2984,"run"
"2020_05_MIN_SEA",3005,NA
"2020_05_MIN_SEA",3024,"run"
"2020_05_MIN_SEA",3045,"pass"
"2020_05_MIN_SEA",3069,"pass"
"2020_05_MIN_SEA",3091,"run"
"2020_05_MIN_SEA",3112,"run"
"2020_05_MIN_SEA",3138,"pass"
"2020_05_MIN_SEA",3162,"run"
"2020_05_MIN_SEA",3183,"run"
"2020_05_MIN_SEA",3204,"no_play"
"2020_05_MIN_SEA",3221,"no_play"
"2020_05_MIN_SEA",3244,"run"
"2020_05_MIN_SEA",3265,"run"
"2020_05_MIN_SEA",3286,"pass"
"2020_05_MIN_SEA",3310,"run"
"2020_05_MIN_SEA",3331,"run"
"2020_05_MIN_SEA",3352,"pass"
"2020_05_MIN_SEA",3380,"extra_point"
"2020_05_MIN_SEA",3396,"kickoff"
"2020_05_MIN_SEA",3411,"pass"
"2020_05_MIN_SEA",3433,"no_play"
"2020_05_MIN_SEA",3466,"pass"
"2020_05_MIN_SEA",3495,"run"
"2020_05_MIN_SEA",3516,"pass"
"2020_05_MIN_SEA",3542,"run"
"2020_05_MIN_SEA",3568,"run"
"2020_05_MIN_SEA",3589,"run"
"2020_05_MIN_SEA",3610,"run"
"2020_05_MIN_SEA",3631,"no_play"
"2020_05_MIN_SEA",3663,"run"
"2020_05_MIN_SEA",3684,"no_play"
"2020_05_MIN_SEA",3701,"no_play"
"2020_05_MIN_SEA",3718,"run"
"2020_05_MIN_SEA",3739,NA
"2020_05_MIN_SEA",3756,"run"
"2020_05_MIN_SEA",3777,"run"
"2020_05_MIN_SEA",3798,"pass"
"2020_05_MIN_SEA",3820,"pass"
"2020_05_MIN_SEA",3842,"pass"
"2020_05_MIN_SEA",3864,"pass"
"2020_05_MIN_SEA",3893,"pass"
"2020_05_MIN_SEA",3915,"pass"
"2020_05_MIN_SEA",3944,"pass"
"2020_05_MIN_SEA",3966,"pass"
"2020_05_MIN_SEA",3990,"pass"
"2020_05_MIN_SEA",4012,"pass"
"2020_05_MIN_SEA",4046,"pass"
"2020_05_MIN_SEA",4068,"no_play"
"2020_05_MIN_SEA",4085,"pass"
"2020_05_MIN_SEA",4110,"pass"
"2020_05_MIN_SEA",4124,"kickoff"
"2020_05_MIN_SEA",4139,"pass"
"2020_05_MIN_SEA",4168,"pass"
"2020_05_MIN_SEA",4213,NA
